{"initial_reset_timestamp": 1546437168.5037577, "timestamps": [1546437173.450526], "episode_lengths": [137], "episode_rewards": [137.0], "episode_types": ["t"]}