{"initial_reset_timestamp": 1546678604.6234453, "timestamps": [1546678610.6568177], "episode_lengths": [680], "episode_rewards": [0.0], "episode_types": ["t"]}