{"initial_reset_timestamp": 1546684182.3287055, "timestamps": [1546684189.7302384], "episode_lengths": [818], "episode_rewards": [180.0], "episode_types": ["t"]}