{"initial_reset_timestamp": 1546436053.2611544, "timestamps": [1546436060.2946591], "episode_lengths": [200], "episode_rewards": [200.0], "episode_types": ["t"]}