{"initial_reset_timestamp": 1546435571.2317631, "timestamps": [1546435578.2859159], "episode_lengths": [200], "episode_rewards": [200.0], "episode_types": ["t"]}