{"initial_reset_timestamp": 1546437068.555145, "timestamps": [1546437075.6354406], "episode_lengths": [200], "episode_rewards": [200.0], "episode_types": ["t"]}