{"initial_reset_timestamp": 1546699251.846988, "timestamps": [1546699265.331723], "episode_lengths": [832], "episode_rewards": [180.0], "episode_types": ["t"]}