{"initial_reset_timestamp": 1546694604.4520128, "timestamps": [1546694617.265357], "episode_lengths": [1162], "episode_rewards": [235.0], "episode_types": ["t"]}